{
    "method_name": "CHROME",
    "scene": "Raw",
    "test_dataset": "PURE",
    "test_len": 300,
    "visualization_path": "result/Plots",
    "test_num_samples": 59,
    "metrics": {
        "MAE": {
            "value": 6.6720957810066714,
            "std": 0.8569672013451101
        },
        "RMSE": {
            "value": 17.947627546042042,
            "std": 7.540310126110527
        },
        "MAPE": {
            "value": 7.766328444612322,
            "std": 0.9117815813006332
        },
        "Pearson": {
            "value": 0.6298956137254312,
            "std": 0.040054202498503486
        },
        "SNR": {
            "value": 4.063842840334825,
            "std": 0.43198836932750584
        },
        "MACC": {
            "value": 0.7448648990072619,
            "std": 0.006780841381343112
        }
    }
}