{
    "method_name": "CHROME",
    "scene": "Raw",
    "test_dataset": "COHFACE",
    "test_len": 200,
    "visualization_path": "result/Plots",
    "test_num_samples": 164,
    "metrics": {
        "MAE": {
            "value": 10.993117408906883,
            "std": 0.2991763314858963
        },
        "RMSE": {
            "value": 14.466548654033351,
            "std": 3.122485929672329
        },
        "MAPE": {
            "value": 15.86129370387642,
            "std": 0.4545071851748483
        },
        "Pearson": {
            "value": 0.1555255535283711,
            "std": 0.03145897554260721
        },
        "SNR": {
            "value": -9.473115792742561,
            "std": 0.23519129156417362
        },
        "MACC": {
            "value": 0.48466983727440904,
            "std": 0.003663041998453059
        }
    }
}