{
    "method_name": "CHROME",
    "scene": "Raw",
    "test_dataset": "UBFCrPPG",
    "test_len": 300,
    "visualization_path": "result/Plots",
    "test_num_samples": 42,
    "metrics": {
        "MAE": {
            "value": 8.219086371447062,
            "std": 1.053071692666122
        },
        "RMSE": {
            "value": 18.32816680237885,
            "std": 7.589155268603014
        },
        "MAPE": {
            "value": 7.664616665383954,
            "std": 0.9327712160865723
        },
        "Pearson": {
            "value": 0.6013761284275069,
            "std": 0.051573036889345204
        },
        "SNR": {
            "value": -2.211601184365644,
            "std": 0.5964623635696991
        },
        "MACC": {
            "value": 0.6905327157924275,
            "std": 0.00919112687465123
        }
    }
}