{
    "method_name": "CHROME",
    "scene": "R",
    "test_dataset": "DLCN",
    "test_len": 300,
    "visualization_path": "result/Plots",
    "test_num_samples": 392,
    "metrics": {
        "MAE": {
            "value": 11.140457049117881,
            "std": 0.25665658535513225
        },
        "RMSE": {
            "value": 16.688773599065648,
            "std": 3.186830053669443
        },
        "MAPE": {
            "value": 12.546256620344852,
            "std": 0.27228981914194356
        },
        "Pearson": {
            "value": 0.2835271253930406,
            "std": 0.019815678922398192
        },
        "SNR": {
            "value": -8.530182808236503,
            "std": 0.1816921615129996
        },
        "MACC": {
            "value": 0.5364059018580389,
            "std": 0.0031310020059914854
        }
    }
}