{
    "method_name": "CHROME",
    "scene": "Raw",
    "test_dataset": "DLCN",
    "test_len": 300,
    "visualization_path": "result/Plots",
    "test_num_samples": 780,
    "metrics": {
        "MAE": {
            "value": 14.948394197021415,
            "std": 0.2454260813620895
        },
        "RMSE": {
            "value": 22.466577150671853,
            "std": 3.6231200505035477
        },
        "MAPE": {
            "value": 15.302474785254358,
            "std": 0.22648261302718503
        },
        "Pearson": {
            "value": 0.17329508459582188,
            "std": 0.014414960672361093
        },
        "SNR": {
            "value": -10.399105507423426,
            "std": 0.14887316092993805
        },
        "MACC": {
            "value": 0.5173082446175518,
            "std": 0.0023379489267786944
        }
    }
}