{
    "method_name": "GREEN",
    "scene": "Raw",
    "test_dataset": "UBFCrPPG",
    "test_len": 300,
    "visualization_path": "result/Plots",
    "test_num_samples": 42,
    "metrics": {
        "MAE": {
            "value": 29.84133124056208,
            "std": 1.6935574473901107
        },
        "RMSE": {
            "value": 39.80696123155709,
            "std": 10.714839015724541
        },
        "MAPE": {
            "value": 28.02442306738655,
            "std": 1.4902705397675087
        },
        "Pearson": {
            "value": 0.053494658681867285,
            "std": 0.06445729598904062
        },
        "SNR": {
            "value": -13.235065486008093,
            "std": 0.8543460560712277
        },
        "MACC": {
            "value": 0.46177361520457655,
            "std": 0.011990317697938409
        }
    }
}