{
    "method_name": "GREEN",
    "scene": "Raw",
    "test_dataset": "COHFACE",
    "test_len": 200,
    "visualization_path": "result/Plots",
    "test_num_samples": 164,
    "metrics": {
        "MAE": {
            "value": 12.113927125506072,
            "std": 0.4274420478854963
        },
        "RMSE": {
            "value": 18.09036910212205,
            "std": 4.1075548398412725
        },
        "MAPE": {
            "value": 15.689899026488222,
            "std": 0.5111532955778738
        },
        "Pearson": {
            "value": 0.1396240859619362,
            "std": 0.031534538111955515
        },
        "SNR": {
            "value": -6.306588595627214,
            "std": 0.3309002211632436
        },
        "MACC": {
            "value": 0.48421526782434904,
            "std": 0.005628370553415437
        }
    }
}