{
    "method_name": "GREEN",
    "scene": "VIFP",
    "test_dataset": "DLCN",
    "test_len": 300,
    "visualization_path": "result/Plots",
    "test_num_samples": 195,
    "metrics": {
        "MAE": {
            "value": 34.14433751067415,
            "std": 0.5127250148909736
        },
        "RMSE": {
            "value": 38.385068775370456,
            "std": 6.200453619149826
        },
        "MAPE": {
            "value": 36.73560266655933,
            "std": 0.4300576910006272
        },
        "Pearson": {
            "value": 0.005203462531300436,
            "std": 0.029259890670262075
        },
        "SNR": {
            "value": -21.094301169499875,
            "std": 0.2982460233115912
        },
        "MACC": {
            "value": 0.31124565217098227,
            "std": 0.002748513392613197
        }
    }
}