{
    "method_name": "GREEN",
    "scene": "FIVP",
    "test_dataset": "DLCN",
    "test_len": 300,
    "visualization_path": "result/Plots",
    "test_num_samples": 195,
    "metrics": {
        "MAE": {
            "value": 34.17043759170438,
            "std": 0.6113400930778957
        },
        "RMSE": {
            "value": 40.051757536879805,
            "std": 6.632342255573879
        },
        "MAPE": {
            "value": 35.72506591387816,
            "std": 0.5502554190120101
        },
        "Pearson": {
            "value": -0.033575359304796874,
            "std": 0.02926885920946165
        },
        "SNR": {
            "value": -22.00645814762715,
            "std": 0.3352972927490457
        },
        "MACC": {
            "value": 0.2648696578519275,
            "std": 0.003354549508524003
        }
    }
}