{
    "method_name": "GREEN",
    "scene": "R",
    "test_dataset": "DLCN",
    "test_len": 300,
    "visualization_path": "result/Plots",
    "test_num_samples": 392,
    "metrics": {
        "MAE": {
            "value": 25.052607649843484,
            "std": 0.3648697922014523
        },
        "RMSE": {
            "value": 30.654360026415286,
            "std": 4.382543946837791
        },
        "MAPE": {
            "value": 28.469662485032956,
            "std": 0.3801946152651508
        },
        "Pearson": {
            "value": 0.019481181783319947,
            "std": 0.0206597055758735
        },
        "SNR": {
            "value": -15.781068904897218,
            "std": 0.23463942813376165
        },
        "MACC": {
            "value": 0.3686496543166307,
            "std": 0.003832582467747489
        }
    }
}