{
    "method_name": "GREEN",
    "scene": "E",
    "test_dataset": "DLCN",
    "test_len": 300,
    "visualization_path": "result/Plots",
    "test_num_samples": 388,
    "metrics": {
        "MAE": {
            "value": 34.7285373421263,
            "std": 0.4823430290022632
        },
        "RMSE": {
            "value": 41.79983690403642,
            "std": 5.983275885531149
        },
        "MAPE": {
            "value": 34.614586851310406,
            "std": 0.4156779414485971
        },
        "Pearson": {
            "value": -0.08124187125551567,
            "std": 0.020674925969299537
        },
        "SNR": {
            "value": -20.633463430549778,
            "std": 0.2868312114985857
        },
        "MACC": {
            "value": 0.3498713062063407,
            "std": 0.003776230201011346
        }
    }
}