{
    "method_name": "GREEN",
    "scene": "Raw",
    "test_dataset": "DLCN",
    "test_len": 300,
    "visualization_path": "result/Plots",
    "test_num_samples": 780,
    "metrics": {
        "MAE": {
            "value": 29.871925094008333,
            "std": 0.3102702723713527
        },
        "RMSE": {
            "value": 36.631977786849994,
            "std": 4.594951844771266
        },
        "MAPE": {
            "value": 31.530282201512904,
            "std": 0.2851353480535917
        },
        "Pearson": {
            "value": -0.03916252114829601,
            "std": 0.014625182067267024
        },
        "SNR": {
            "value": -18.197914657931015,
            "std": 0.18852180067138968
        },
        "MACC": {
            "value": 0.35929666979745845,
            "std": 0.0026938748128887253
        }
    }
}