{
    "method_name": "GREEN",
    "scene": "VIVP",
    "test_dataset": "DLCN",
    "test_len": 300,
    "visualization_path": "result/Plots",
    "test_num_samples": 195,
    "metrics": {
        "MAE": {
            "value": 38.370606291398374,
            "std": 0.5204155495259248
        },
        "RMSE": {
            "value": 42.29866747156338,
            "std": 6.6458461476357495
        },
        "MAPE": {
            "value": 40.11490728507189,
            "std": 0.3986893761513172
        },
        "Pearson": {
            "value": 0.019959791219901254,
            "std": 0.02925445766779887
        },
        "SNR": {
            "value": -24.070584938731034,
            "std": 0.30904529380851725
        },
        "MACC": {
            "value": 0.268784556554154,
            "std": 0.002480115793170686
        }
    }
}