{
    "method_name": "GREEN",
    "scene": "Raw",
    "test_dataset": "PURE",
    "test_len": 300,
    "visualization_path": "result/Plots",
    "test_num_samples": 59,
    "metrics": {
        "MAE": {
            "value": 13.718514708613718,
            "std": 1.1273260911745324
        },
        "RMSE": {
            "value": 25.856996762946938,
            "std": 9.40198608058767
        },
        "MAPE": {
            "value": 15.28284820501964,
            "std": 0.9599414274833545
        },
        "Pearson": {
            "value": 0.2065806775401415,
            "std": 0.050458652329002915
        },
        "SNR": {
            "value": -4.703525915684946,
            "std": 0.7373291456083318
        },
        "MACC": {
            "value": 0.518284964762247,
            "std": 0.009721139649165317
        }
    }
}