{
    "method_name": "ICA",
    "scene": "Raw",
    "test_dataset": "COHFACE",
    "test_len": 200,
    "visualization_path": "result/Plots",
    "test_num_samples": 164,
    "metrics": {
        "MAE": {
            "value": 11.25425101214575,
            "std": 0.3614864350701813
        },
        "RMSE": {
            "value": 15.992577630615243,
            "std": 3.650299752427634
        },
        "MAPE": {
            "value": 15.213142548289134,
            "std": 0.4658794565745645
        },
        "Pearson": {
            "value": 0.16205491984186077,
            "std": 0.03142553261855858
        },
        "SNR": {
            "value": -7.614405523742779,
            "std": 0.29641004761898637
        },
        "MACC": {
            "value": 0.527514668921956,
            "std": 0.005136997172510069
        }
    }
}