{
    "method_name": "ICA",
    "scene": "Raw",
    "test_dataset": "PURE",
    "test_len": 300,
    "visualization_path": "result/Plots",
    "test_num_samples": 59,
    "metrics": {
        "MAE": {
            "value": 7.713628505707712,
            "std": 0.9269512379713082
        },
        "RMSE": {
            "value": 19.603373551712956,
            "std": 8.304807790913182
        },
        "MAPE": {
            "value": 8.267301045704222,
            "std": 0.7795505888782797
        },
        "Pearson": {
            "value": 0.5694972408915788,
            "std": 0.04239106478942303
        },
        "SNR": {
            "value": 2.2830206918355085,
            "std": 0.6926820012168604
        },
        "MACC": {
            "value": 0.7200965017532919,
            "std": 0.009783097918213418
        }
    }
}