{
    "method_name": "ICA",
    "scene": "FIFP",
    "test_dataset": "DLCN",
    "test_len": 300,
    "visualization_path": "result/Plots",
    "test_num_samples": 195,
    "metrics": {
        "MAE": {
            "value": 7.753632506107754,
            "std": 0.4139577592957831
        },
        "RMSE": {
            "value": 16.100941892041853,
            "std": 4.5772667097702895
        },
        "MAPE": {
            "value": 8.176443468868127,
            "std": 0.40271494393208523
        },
        "Pearson": {
            "value": 0.48753209483187326,
            "std": 0.02563524742973017
        },
        "SNR": {
            "value": -2.28045347808226,
            "std": 0.3169489978767224
        },
        "MACC": {
            "value": 0.692462597360453,
            "std": 0.0053845401576435754
        }
    }
}