{
    "method_name": "ICA",
    "scene": "Raw",
    "test_dataset": "UBFCrPPG",
    "test_len": 300,
    "visualization_path": "result/Plots",
    "test_num_samples": 42,
    "metrics": {
        "MAE": {
            "value": 20.09581123401597,
            "std": 1.4920370092950892
        },
        "RMSE": {
            "value": 30.701398061536395,
            "std": 9.345421963893886
        },
        "MAPE": {
            "value": 18.979315746310345,
            "std": 1.3462795316140024
        },
        "Pearson": {
            "value": 0.32156188995647833,
            "std": 0.06112139392660921
        },
        "SNR": {
            "value": -8.523216821261315,
            "std": 0.9094669720407454
        },
        "MACC": {
            "value": 0.5988941282040555,
            "std": 0.013495673025003988
        }
    }
}