{
    "method_name": "ICA",
    "scene": "Raw",
    "test_dataset": "DLCN",
    "test_len": 300,
    "visualization_path": "result/Plots",
    "test_num_samples": 780,
    "metrics": {
        "MAE": {
            "value": 23.29725906209465,
            "std": 0.2934935636420442
        },
        "RMSE": {
            "value": 30.741323061574843,
            "std": 4.251018664539066
        },
        "MAPE": {
            "value": 24.238057944299126,
            "std": 0.27086259738837426
        },
        "Pearson": {
            "value": 0.03685169389815069,
            "std": 0.014626468482196115
        },
        "SNR": {
            "value": -15.2723611288265,
            "std": 0.20194661929949229
        },
        "MACC": {
            "value": 0.46175248037193334,
            "std": 0.0029852225243181406
        }
    }
}