{
    "method_name": "LGI",
    "scene": "E",
    "test_dataset": "DLCN",
    "test_len": 300,
    "visualization_path": "result/Plots",
    "test_num_samples": 388,
    "metrics": {
        "MAE": {
            "value": 27.88615060990192,
            "std": 0.48372718115357327
        },
        "RMSE": {
            "value": 36.35798062019105,
            "std": 5.755765031625501
        },
        "MAPE": {
            "value": 27.353568629541748,
            "std": 0.4274927586627979
        },
        "Pearson": {
            "value": -0.03452147020287803,
            "std": 0.020731131313766665
        },
        "SNR": {
            "value": -15.505884340383048,
            "std": 0.24878810012494437
        },
        "MACC": {
            "value": 0.4291344168684378,
            "std": 0.003718969648548819
        }
    }
}