{
    "method_name": "LGI",
    "scene": "R",
    "test_dataset": "DLCN",
    "test_len": 300,
    "visualization_path": "result/Plots",
    "test_num_samples": 392,
    "metrics": {
        "MAE": {
            "value": 18.52703188407578,
            "std": 0.34917901823941605
        },
        "RMSE": {
            "value": 25.080777967254097,
            "std": 4.138356562573333
        },
        "MAPE": {
            "value": 20.934118709966118,
            "std": 0.3693417818439484
        },
        "Pearson": {
            "value": 0.10128581718693999,
            "std": 0.020557361617389903
        },
        "SNR": {
            "value": -11.796560792597715,
            "std": 0.207098668763174
        },
        "MACC": {
            "value": 0.4503197689259361,
            "std": 0.003599916339004152
        }
    }
}