{
    "method_name": "LGI",
    "scene": "Raw",
    "test_dataset": "COHFACE",
    "test_len": 200,
    "visualization_path": "result/Plots",
    "test_num_samples": 164,
    "metrics": {
        "MAE": {
            "value": 15.118542510121458,
            "std": 0.38916601912867155
        },
        "RMSE": {
            "value": 19.447444968156454,
            "std": 4.029280310769054
        },
        "MAPE": {
            "value": 20.37814679824347,
            "std": 0.4683792952643427
        },
        "Pearson": {
            "value": 0.005407753507436244,
            "std": 0.031846022105392106
        },
        "SNR": {
            "value": -10.875329913907516,
            "std": 0.2761373590856244
        },
        "MACC": {
            "value": 0.37989638291977756,
            "std": 0.0035170987722686698
        }
    }
}