{
    "method_name": "LGI",
    "scene": "Raw",
    "test_dataset": "DLCN",
    "test_len": 300,
    "visualization_path": "result/Plots",
    "test_num_samples": 780,
    "metrics": {
        "MAE": {
            "value": 23.18855440147869,
            "std": 0.3057023236124853
        },
        "RMSE": {
            "value": 31.21119699758752,
            "std": 4.391312943028099
        },
        "MAPE": {
            "value": 24.13147213885967,
            "std": 0.28619708715828124
        },
        "Pearson": {
            "value": 0.015583119467977814,
            "std": 0.014634633113702406
        },
        "SNR": {
            "value": -13.644073977211994,
            "std": 0.16400201975868095
        },
        "MACC": {
            "value": 0.43976792119879676,
            "std": 0.0025922923929841244
        }
    }
}