{
    "method_name": "LGI",
    "scene": "FIVP",
    "test_dataset": "DLCN",
    "test_len": 300,
    "visualization_path": "result/Plots",
    "test_num_samples": 195,
    "metrics": {
        "MAE": {
            "value": 28.483225034832248,
            "std": 0.6011934720227268
        },
        "RMSE": {
            "value": 35.12048607924578,
            "std": 6.4077464150350645
        },
        "MAPE": {
            "value": 29.6154612595991,
            "std": 0.5518351067938922
        },
        "Pearson": {
            "value": 0.023172159145416944,
            "std": 0.02927750720251985
        },
        "SNR": {
            "value": -16.672096868412677,
            "std": 0.28475974084949296
        },
        "MACC": {
            "value": 0.37432337060637,
            "std": 0.003799480478336582
        }
    }
}