{
    "method_name": "LGI",
    "scene": "Raw",
    "test_dataset": "UBFCrPPG",
    "test_len": 300,
    "visualization_path": "result/Plots",
    "test_num_samples": 42,
    "metrics": {
        "MAE": {
            "value": 22.885346385878258,
            "std": 1.6923258443241065
        },
        "RMSE": {
            "value": 34.882933304647956,
            "std": 10.6133102039125
        },
        "MAPE": {
            "value": 21.43538372145689,
            "std": 1.4956833979228914
        },
        "Pearson": {
            "value": 0.17003486830740625,
            "std": 0.06360975238251872
        },
        "SNR": {
            "value": -9.234182876531948,
            "std": 0.7350840452388504
        },
        "MACC": {
            "value": 0.5448762044717236,
            "std": 0.011802324979372619
        }
    }
}