{
    "method_name": "LGI",
    "scene": "Raw",
    "test_dataset": "PURE",
    "test_len": 300,
    "visualization_path": "result/Plots",
    "test_num_samples": 59,
    "metrics": {
        "MAE": {
            "value": 9.73954538310974,
            "std": 1.090406278615454
        },
        "RMSE": {
            "value": 23.33013923004935,
            "std": 9.21181712911733
        },
        "MAPE": {
            "value": 10.141989371372498,
            "std": 0.9304836795753579
        },
        "Pearson": {
            "value": 0.3675891473384683,
            "std": 0.04796048403231876
        },
        "SNR": {
            "value": 1.4500014605406293,
            "std": 0.6041212698312752
        },
        "MACC": {
            "value": 0.6578716050937048,
            "std": 0.009087640968586254
        }
    }
}