{
    "method_name": "PBV",
    "scene": "Raw",
    "test_dataset": "COHFACE",
    "test_len": 200,
    "visualization_path": "result/Plots",
    "test_num_samples": 164,
    "metrics": {
        "MAE": {
            "value": 14.934655870445347,
            "std": 0.3903742552294945
        },
        "RMSE": {
            "value": 19.328923932926486,
            "std": 4.0494467492166235
        },
        "MAPE": {
            "value": 20.230559546194954,
            "std": 0.4740091158656906
        },
        "Pearson": {
            "value": 0.03391187822958475,
            "std": 0.031828170520093166
        },
        "SNR": {
            "value": -10.568207752971878,
            "std": 0.26427670297187383
        },
        "MACC": {
            "value": 0.3914132675915183,
            "std": 0.0036801029673068095
        }
    }
}