{
    "method_name": "PBV",
    "scene": "FIVP",
    "test_dataset": "DLCN",
    "test_len": 300,
    "visualization_path": "result/Plots",
    "test_num_samples": 195,
    "metrics": {
        "MAE": {
            "value": 27.165456271654563,
            "std": 0.5685843908419561
        },
        "RMSE": {
            "value": 33.40003956814761,
            "std": 6.182835460568096
        },
        "MAPE": {
            "value": 28.34603547969755,
            "std": 0.518557599940358
        },
        "Pearson": {
            "value": 0.050458389305075554,
            "std": 0.029248065877745977
        },
        "SNR": {
            "value": -17.164017161004736,
            "std": 0.26463857291887855
        },
        "MACC": {
            "value": 0.3657366039262841,
            "std": 0.0035851389635110126
        }
    }
}