{
    "method_name": "PBV",
    "scene": "Raw",
    "test_dataset": "PURE",
    "test_len": 300,
    "visualization_path": "result/Plots",
    "test_num_samples": 59,
    "metrics": {
        "MAE": {
            "value": 12.435529267212438,
            "std": 1.1050195253103001
        },
        "RMSE": {
            "value": 24.82349994165858,
            "std": 9.264840246979059
        },
        "MAPE": {
            "value": 13.85608864948201,
            "std": 0.9854506976799186
        },
        "Pearson": {
            "value": 0.26449473611670715,
            "std": 0.04973446872307339
        },
        "SNR": {
            "value": -2.5767805891455593,
            "std": 0.6828613054325958
        },
        "MACC": {
            "value": 0.5716528925206397,
            "std": 0.010548062372434611
        }
    }
}