{
    "method_name": "PBV",
    "scene": "E",
    "test_dataset": "DLCN",
    "test_len": 300,
    "visualization_path": "result/Plots",
    "test_num_samples": 388,
    "metrics": {
        "MAE": {
            "value": 28.854114990174857,
            "std": 0.4403589690143936
        },
        "RMSE": {
            "value": 35.82748411607875,
            "std": 5.5167494408955875
        },
        "MAPE": {
            "value": 28.756962914948016,
            "std": 0.3857678273607072
        },
        "Pearson": {
            "value": 0.016475784457326267,
            "std": 0.020740679723848944
        },
        "SNR": {
            "value": -17.33849753319398,
            "std": 0.22134211101472953
        },
        "MACC": {
            "value": 0.390884617476409,
            "std": 0.003026976735772243
        }
    }
}