{
    "method_name": "PBV",
    "scene": "R",
    "test_dataset": "DLCN",
    "test_len": 300,
    "visualization_path": "result/Plots",
    "test_num_samples": 392,
    "metrics": {
        "MAE": {
            "value": 19.92762416173358,
            "std": 0.3286107540248041
        },
        "RMSE": {
            "value": 25.49955116405202,
            "std": 4.056831443576421
        },
        "MAPE": {
            "value": 22.64972175922314,
            "std": 0.3461056505714246
        },
        "Pearson": {
            "value": 0.06902206611926978,
            "std": 0.020614347047132046
        },
        "SNR": {
            "value": -13.542027852531794,
            "std": 0.17850946028999196
        },
        "MACC": {
            "value": 0.414045451561566,
            "std": 0.002962766579878621
        }
    }
}