{
    "method_name": "PBV",
    "scene": "VIVP",
    "test_dataset": "DLCN",
    "test_len": 300,
    "visualization_path": "result/Plots",
    "test_num_samples": 195,
    "metrics": {
        "MAE": {
            "value": 29.764822636109763,
            "std": 0.5539178248108214
        },
        "RMSE": {
            "value": 35.28356367817117,
            "std": 6.2220671350215415
        },
        "MAPE": {
            "value": 30.833561028412586,
            "std": 0.48860386384615306
        },
        "Pearson": {
            "value": 0.05032219726686295,
            "std": 0.02922321505825385
        },
        "SNR": {
            "value": -18.826651918440415,
            "std": 0.276419797170961
        },
        "MACC": {
            "value": 0.3424032710360823,
            "std": 0.003338885414707186
        }
    }
}