{
    "method_name": "PBV",
    "scene": "Raw",
    "test_dataset": "DLCN",
    "test_len": 300,
    "visualization_path": "result/Plots",
    "test_num_samples": 780,
    "metrics": {
        "MAE": {
            "value": 24.373666488704547,
            "std": 0.2820928196815666
        },
        "RMSE": {
            "value": 31.0756691680137,
            "std": 4.227824017711166
        },
        "MAPE": {
            "value": 25.69157249331651,
            "std": 0.2628558778000534
        },
        "Pearson": {
            "value": 0.034083169730436236,
            "std": 0.014627906573250703
        },
        "SNR": {
            "value": -15.432946156005077,
            "std": 0.14475273868830943
        },
        "MACC": {
            "value": 0.4025096699594086,
            "std": 0.0021244258035286847
        }
    }
}