{
    "method_name": "PBV",
    "scene": "VIFP",
    "test_dataset": "DLCN",
    "test_len": 300,
    "visualization_path": "result/Plots",
    "test_num_samples": 195,
    "metrics": {
        "MAE": {
            "value": 23.993630132243997,
            "std": 0.549983153344815
        },
        "RMSE": {
            "value": 30.48930313421022,
            "std": 5.880760836515912
        },
        "MAPE": {
            "value": 25.470593723495817,
            "std": 0.51349905189459
        },
        "Pearson": {
            "value": 0.005733130952096099,
            "std": 0.029259805919962543
        },
        "SNR": {
            "value": -15.451673246517739,
            "std": 0.2689580815030426
        },
        "MACC": {
            "value": 0.40156709324327505,
            "std": 0.0037746972214408223
        }
    }
}