{
    "method_name": "POS",
    "scene": "VIFP",
    "test_dataset": "DLCN",
    "test_len": 300,
    "visualization_path": "result/Plots",
    "test_num_samples": 195,
    "metrics": {
        "MAE": {
            "value": 13.211936578273212,
            "std": 0.46168730938036073
        },
        "RMSE": {
            "value": 20.589968891925984,
            "std": 4.83767186213372
        },
        "MAPE": {
            "value": 13.616279409407356,
            "std": 0.42721484852842495
        },
        "Pearson": {
            "value": 0.2366794105277463,
            "std": 0.028428937731496406
        },
        "SNR": {
            "value": -9.289786877151828,
            "std": 0.3173677005022772
        },
        "MACC": {
            "value": 0.5300277488529066,
            "std": 0.004750827917359266
        }
    }
}