{
    "method_name": "POS",
    "scene": "FIVP",
    "test_dataset": "DLCN",
    "test_len": 300,
    "visualization_path": "result/Plots",
    "test_num_samples": 195,
    "metrics": {
        "MAE": {
            "value": 16.405989914059898,
            "std": 0.49430174649656783
        },
        "RMSE": {
            "value": 23.548649006616873,
            "std": 5.208632134727801
        },
        "MAPE": {
            "value": 16.633170226623854,
            "std": 0.4548211950397987
        },
        "Pearson": {
            "value": 0.15067772837631288,
            "std": 0.028951017694252023
        },
        "SNR": {
            "value": -11.648494661816528,
            "std": 0.29712703190865136
        },
        "MACC": {
            "value": 0.4880523541632436,
            "std": 0.004358457759173026
        }
    }
}