{
    "method_name": "POS",
    "scene": "Raw",
    "test_dataset": "DLCN",
    "test_len": 300,
    "visualization_path": "result/Plots",
    "test_num_samples": 780,
    "metrics": {
        "MAE": {
            "value": 13.852096130383917,
            "std": 0.2393581635270039
        },
        "RMSE": {
            "value": 21.434452416448156,
            "std": 3.5665646111908016
        },
        "MAPE": {
            "value": 14.156371714601509,
            "std": 0.22035355397310927
        },
        "Pearson": {
            "value": 0.2212606321924872,
            "std": 0.01427364266858229
        },
        "SNR": {
            "value": -9.163644300632894,
            "std": 0.1659053982706522
        },
        "MACC": {
            "value": 0.533403061902138,
            "std": 0.0025420636065416826
        }
    }
}