{
    "method_name": "POS",
    "scene": "Raw",
    "test_dataset": "COHFACE",
    "test_len": 200,
    "visualization_path": "result/Plots",
    "test_num_samples": 164,
    "metrics": {
        "MAE": {
            "value": 11.57684210526316,
            "std": 0.306249089330679
        },
        "RMSE": {
            "value": 15.056105598376815,
            "std": 3.224839155686051
        },
        "MAPE": {
            "value": 16.668805480018932,
            "std": 0.4592273802506928
        },
        "Pearson": {
            "value": 0.11550452850544514,
            "std": 0.03163333774182503
        },
        "SNR": {
            "value": -9.998823514257671,
            "std": 0.23073250456226457
        },
        "MACC": {
            "value": 0.45978871714291114,
            "std": 0.003444945905828872
        }
    }
}