{
    "method_name": "POS",
    "scene": "Raw",
    "test_dataset": "UBFCrPPG",
    "test_len": 300,
    "visualization_path": "result/Plots",
    "test_num_samples": 42,
    "metrics": {
        "MAE": {
            "value": 10.526589849067552,
            "std": 1.2198833034261851
        },
        "RMSE": {
            "value": 21.700990533917192,
            "std": 8.57608772897076
        },
        "MAPE": {
            "value": 9.636183413442504,
            "std": 1.045962074918879
        },
        "Pearson": {
            "value": 0.4420945697327586,
            "std": 0.05789906416244304
        },
        "SNR": {
            "value": -2.178955584829436,
            "std": 0.6308056801766495
        },
        "MACC": {
            "value": 0.6702572083479721,
            "std": 0.009608397288408364
        }
    }
}