{
    "method_name": "POS",
    "scene": "Raw",
    "test_dataset": "PURE",
    "test_len": 300,
    "visualization_path": "result/Plots",
    "test_num_samples": 59,
    "metrics": {
        "MAE": {
            "value": 5.376251910905376,
            "std": 0.7498834474912324
        },
        "RMSE": {
            "value": 15.539079910727617,
            "std": 7.033878236014899
        },
        "MAPE": {
            "value": 6.648084070292301,
            "std": 0.8364180886713063
        },
        "Pearson": {
            "value": 0.7324030957030954,
            "std": 0.03511325541534268
        },
        "SNR": {
            "value": 5.895696342325936,
            "std": 0.4685539388714285
        },
        "MACC": {
            "value": 0.7599382538175736,
            "std": 0.006649107050335032
        }
    }
}