{
    "method_name": "CHROME",
    "scen": "FIFP",
    "test_dataset": "DLCN",
    "test_len": 300,
    "visualization_path": "result/Plots",
    "test_num_samples": 195,
    "metrics": {
        "MAE": {
            "value": 8.456353380604842,
            "std": 0.37268542937087357
        },
        "RMSE": {
            "value": 15.261233217011211,
            "std": 4.093912438395659
        },
        "MAPE": {
            "value": 8.974460062697782,
            "std": 0.35877289475959806
        },
        "Pearson": {
            "value": 0.4879577448979242,
            "std": 0.025628264959269637
        },
        "SNR": {
            "value": -4.926407260442673,
            "std": 0.26498939394858156
        },
        "MACC": {
            "value": 0.6169117897960317,
            "std": 0.004441689798278539
        }
    }
}