{
    "method_name": "CHROME",
    "scen": "VIVP",
    "test_dataset": "DLCN",
    "test_len": 300,
    "visualization_path": "result/Plots",
    "test_num_samples": 195,
    "metrics": {
        "MAE": {
            "value": 19.05929054443906,
            "std": 0.5182914194065352
        },
        "RMSE": {
            "value": 26.02977085398487,
            "std": 5.4811278258140375
        },
        "MAPE": {
            "value": 19.23332614044163,
            "std": 0.45951972593380375
        },
        "Pearson": {
            "value": 0.10291323339345408,
            "std": 0.029104924534953933
        },
        "SNR": {
            "value": -13.929153768032371,
            "std": 0.28473058410697744
        },
        "MACC": {
            "value": 0.45462913621537876,
            "std": 0.004052494203992504
        }
    }
}