{
    "method_name": "CHROME",
    "scen": "FIVP",
    "test_dataset": "DLCN",
    "test_len": 300,
    "visualization_path": "result/Plots",
    "test_num_samples": 195,
    "metrics": {
        "MAE": {
            "value": 17.985000554850007,
            "std": 0.5096828937813632
        },
        "RMSE": {
            "value": 25.037559280871236,
            "std": 5.348432121179667
        },
        "MAPE": {
            "value": 18.254548989934055,
            "std": 0.4671731291681329
        },
        "Pearson": {
            "value": 0.06722242402236246,
            "std": 0.029219127551047604
        },
        "SNR": {
            "value": -12.428391924005213,
            "std": 0.27695392097313715
        },
        "MACC": {
            "value": 0.4790518652424773,
            "std": 0.004181440443757896
        }
    }
}