{
    "method_name": "CHROME",
    "scen": "E",
    "test_dataset": "DLCN",
    "test_len": 300,
    "visualization_path": "result/Plots",
    "test_num_samples": 388,
    "metrics": {
        "MAE": {
            "value": 18.785799474186454,
            "std": 0.4040973889197002
        },
        "RMSE": {
            "value": 27.06898101998528,
            "std": 4.832471544527372
        },
        "MAPE": {
            "value": 18.080022239488176,
            "std": 0.3533647186968871
        },
        "Pearson": {
            "value": 0.1040413226547076,
            "std": 0.02063091987936937
        },
        "SNR": {
            "value": -12.282491064987553,
            "std": 0.22973248478053032
        },
        "MACC": {
            "value": 0.4980627981120916,
            "std": 0.003429403130086609
        }
    }
}