{
    "method_name": "CHROME",
    "scen": "VIFP",
    "test_dataset": "DLCN",
    "test_len": 300,
    "visualization_path": "result/Plots",
    "test_num_samples": 195,
    "metrics": {
        "MAE": {
            "value": 14.253733065614258,
            "std": 0.48642766334735904
        },
        "RMSE": {
            "value": 21.90901175679049,
            "std": 5.0467122218352
        },
        "MAPE": {
            "value": 14.70934175190029,
            "std": 0.4545818965501886
        },
        "Pearson": {
            "value": 0.15402245952554675,
            "std": 0.02891113394633805
        },
        "SNR": {
            "value": -10.27851778392912,
            "std": 0.29448595882051254
        },
        "MACC": {
            "value": 0.5192558415775839,
            "std": 0.004554595256273918
        }
    }
}