{
    "method_name": "GREEN",
    "scen": "FIFP",
    "test_dataset": "DLCN",
    "test_len": 300,
    "visualization_path": "result/Plots",
    "test_num_samples": 195,
    "metrics": {
        "MAE": {
            "value": 12.692198651878957,
            "std": 0.5364849987723057
        },
        "RMSE": {
            "value": 22.26059921609321,
            "std": 5.484445174154353
        },
        "MAPE": {
            "value": 13.428953743758212,
            "std": 0.5235190710124564
        },
        "Pearson": {
            "value": 0.1982569265633971,
            "std": 0.02877819743267156
        },
        "SNR": {
            "value": -5.540276755145595,
            "std": 0.2930298691108693
        },
        "MACC": {
            "value": 0.5937283505806112,
            "std": 0.005276384335091332
        }
    }
}