{
    "method_name": "ICA",
    "scen": "R",
    "test_dataset": "DLCN",
    "test_len": 300,
    "visualization_path": "result/Plots",
    "test_num_samples": 392,
    "metrics": {
        "MAE": {
            "value": 18.83991300153906,
            "std": 0.3313019496711348
        },
        "RMSE": {
            "value": 24.74312153661657,
            "std": 3.9174638115256344
        },
        "MAPE": {
            "value": 21.244163431872714,
            "std": 0.3470502181929281
        },
        "Pearson": {
            "value": 0.12132636567993307,
            "std": 0.02051097801275372
        },
        "SNR": {
            "value": -12.878999657453106,
            "std": 0.25107150627056163
        },
        "MACC": {
            "value": 0.47647364995467867,
            "std": 0.004126325122187724
        }
    }
}