{
    "method_name": "ICA",
    "scen": "VIVP",
    "test_dataset": "DLCN",
    "test_len": 300,
    "visualization_path": "result/Plots",
    "test_num_samples": 195,
    "metrics": {
        "MAE": {
            "value": 31.214198342911214,
            "std": 0.5339990250673552
        },
        "RMSE": {
            "value": 36.16569479430581,
            "std": 6.2579304782853615
        },
        "MAPE": {
            "value": 32.16422730485136,
            "std": 0.4411115766481827
        },
        "Pearson": {
            "value": -0.015683403475462907,
            "std": 0.029256688013864527
        },
        "SNR": {
            "value": -21.271386489082897,
            "std": 0.3214336893750379
        },
        "MACC": {
            "value": 0.35563793408617705,
            "std": 0.0034642477773612072
        }
    }
}