{
    "method_name": "ICA",
    "scen": "FIVP",
    "test_dataset": "DLCN",
    "test_len": 300,
    "visualization_path": "result/Plots",
    "test_num_samples": 195,
    "metrics": {
        "MAE": {
            "value": 28.307060158070602,
            "std": 0.594724555723995
        },
        "RMSE": {
            "value": 34.8483586112769,
            "std": 6.302970759738139
        },
        "MAPE": {
            "value": 29.33070108343841,
            "std": 0.5389134099409093
        },
        "Pearson": {
            "value": 0.013312447768922332,
            "std": 0.0292827755226653
        },
        "SNR": {
            "value": -19.744398009804993,
            "std": 0.3671180721926474
        },
        "MACC": {
            "value": 0.393512122342405,
            "std": 0.004669794623523449
        }
    }
}