{
    "method_name": "ICA",
    "scen": "E",
    "test_dataset": "DLCN",
    "test_len": 300,
    "visualization_path": "result/Plots",
    "test_num_samples": 388,
    "metrics": {
        "MAE": {
            "value": 27.789098772301994,
            "std": 0.4674151285007724
        },
        "RMSE": {
            "value": 35.78283506719524,
            "std": 5.596331773509187
        },
        "MAPE": {
            "value": 27.255121029908548,
            "std": 0.4069761204196329
        },
        "Pearson": {
            "value": -0.023754789447896812,
            "std": 0.020737641841522946
        },
        "SNR": {
            "value": -17.68424388415761,
            "std": 0.30886179373811556
        },
        "MACC": {
            "value": 0.44691738944247617,
            "std": 0.004294530165894189
        }
    }
}