{
    "method_name": "ICA",
    "scen": "VIFP",
    "test_dataset": "DLCN",
    "test_len": 300,
    "visualization_path": "result/Plots",
    "test_num_samples": 195,
    "metrics": {
        "MAE": {
            "value": 25.81642779662582,
            "std": 0.5293063084333275
        },
        "RMSE": {
            "value": 31.53222464258992,
            "std": 5.742556220968742
        },
        "MAPE": {
            "value": 27.179742287965812,
            "std": 0.4718733716848468
        },
        "Pearson": {
            "value": -0.005544629408048624,
            "std": 0.029259837022316795
        },
        "SNR": {
            "value": -17.7120174892392,
            "std": 0.3417927427512681
        },
        "MACC": {
            "value": 0.4068581225874902,
            "std": 0.004276592128394262
        }
    }
}