{
    "method_name": "LGI",
    "scen": "VIVP",
    "test_dataset": "DLCN",
    "test_len": 300,
    "visualization_path": "result/Plots",
    "test_num_samples": 195,
    "metrics": {
        "MAE": {
            "value": 30.72261072261072,
            "std": 0.5936323373132277
        },
        "RMSE": {
            "value": 36.826431422834276,
            "std": 6.577454175909893
        },
        "MAPE": {
            "value": 31.61473501467767,
            "std": 0.5164501012154769
        },
        "Pearson": {
            "value": -0.055788547122307935,
            "std": 0.029214717011756923
        },
        "SNR": {
            "value": -18.483052086529952,
            "std": 0.2834246472915171
        },
        "MACC": {
            "value": 0.35099264490573717,
            "std": 0.0032757962335151335
        }
    }
}