{
    "method_name": "LGI",
    "scen": "VIFP",
    "test_dataset": "DLCN",
    "test_len": 300,
    "visualization_path": "result/Plots",
    "test_num_samples": 195,
    "metrics": {
        "MAE": {
            "value": 22.87336425950287,
            "std": 0.5908083907842769
        },
        "RMSE": {
            "value": 30.521871198447165,
            "std": 6.019612628184595
        },
        "MAPE": {
            "value": 23.937595875548297,
            "std": 0.5524163820738914
        },
        "Pearson": {
            "value": 0.0073599048943109825,
            "std": 0.029259494299765956
        },
        "SNR": {
            "value": -14.426246845346348,
            "std": 0.2956235676138377
        },
        "MACC": {
            "value": 0.4224983933322625,
            "std": 0.004212730488734679
        }
    }
}