{
    "method_name": "LGI",
    "scen": "FIFP",
    "test_dataset": "DLCN",
    "test_len": 300,
    "visualization_path": "result/Plots",
    "test_num_samples": 195,
    "metrics": {
        "MAE": {
            "value": 10.597978902881684,
            "std": 0.4724261272417968
        },
        "RMSE": {
            "value": 19.278480405107608,
            "std": 4.898084683919211
        },
        "MAPE": {
            "value": 11.279594660670014,
            "std": 0.46776045200768834
        },
        "Pearson": {
            "value": 0.3506558884852299,
            "std": 0.02749671528769601
        },
        "SNR": {
            "value": -4.940565043871528,
            "std": 0.29752395711339624
        },
        "MACC": {
            "value": 0.6123252843301861,
            "std": 0.00535404698395336
        }
    }
}