{
    "method_name": "PBV",
    "scen": "FIFP",
    "test_dataset": "DLCN",
    "test_len": 300,
    "visualization_path": "result/Plots",
    "test_num_samples": 195,
    "metrics": {
        "MAE": {
            "value": 16.521841512894834,
            "std": 0.5058009190328161
        },
        "RMSE": {
            "value": 23.87992916576923,
            "std": 5.196649755162289
        },
        "MAPE": {
            "value": 18.06851380702973,
            "std": 0.5058466674001131
        },
        "Pearson": {
            "value": 0.16546282303656132,
            "std": 0.028956299627148786
        },
        "SNR": {
            "value": -10.257010379939032,
            "std": 0.28503863633893595
        },
        "MACC": {
            "value": 0.500941892528131,
            "std": 0.004639323064567664
        }
    }
}