{
    "method_name": "POS",
    "scen": "VIVP",
    "test_dataset": "DLCN",
    "test_len": 300,
    "visualization_path": "result/Plots",
    "test_num_samples": 195,
    "metrics": {
        "MAE": {
            "value": 19.00713148237901,
            "std": 0.5209214183495404
        },
        "RMSE": {
            "value": 26.053046316696648,
            "std": 5.568011709243779
        },
        "MAPE": {
            "value": 19.150520776963916,
            "std": 0.4579512558625799
        },
        "Pearson": {
            "value": 0.05422623991495592,
            "std": 0.029217235409132087
        },
        "SNR": {
            "value": -14.022267609387713,
            "std": 0.3016280448731198
        },
        "MACC": {
            "value": 0.4505559183686335,
            "std": 0.0041116250577952025
        }
    }
}