{
    "method_name": "POS",
    "scen": "FIFP",
    "test_dataset": "DLCN",
    "test_len": 300,
    "visualization_path": "result/Plots",
    "test_num_samples": 195,
    "metrics": {
        "MAE": {
            "value": 6.7390560054284245,
            "std": 0.3387286296908067
        },
        "RMSE": {
            "value": 13.369344341335921,
            "std": 3.858796855556474
        },
        "MAPE": {
            "value": 7.1820627060568025,
            "std": 0.32950926049721213
        },
        "Pearson": {
            "value": 0.5904593932828129,
            "std": 0.02369631327508805
        },
        "SNR": {
            "value": -1.6468789756477438,
            "std": 0.29426003842985166
        },
        "MACC": {
            "value": 0.6658040092694607,
            "std": 0.004726302845639436
        }
    }
}