{
    "method_name": "POS",
    "scen": "R",
    "test_dataset": "DLCN",
    "test_len": 300,
    "visualization_path": "result/Plots",
    "test_num_samples": 392,
    "metrics": {
        "MAE": {
            "value": 10.188680984139369,
            "std": 0.24369056796109695
        },
        "RMSE": {
            "value": 15.5887099525621,
            "std": 3.0454471812156605
        },
        "MAPE": {
            "value": 11.496983782442966,
            "std": 0.2587629224491038
        },
        "Pearson": {
            "value": 0.33342993799867304,
            "std": 0.019481148526909246
        },
        "SNR": {
            "value": -7.1779678922591605,
            "std": 0.20292100599069063
        },
        "MACC": {
            "value": 0.5515550258018733,
            "std": 0.0034010432165849608
        }
    }
}