{
    "method_name": "POS",
    "scen": "E",
    "test_dataset": "DLCN",
    "test_len": 300,
    "visualization_path": "result/Plots",
    "test_num_samples": 388,
    "metrics": {
        "MAE": {
            "value": 17.543861006908944,
            "std": 0.39870351694475864
        },
        "RMSE": {
            "value": 26.029569206197824,
            "std": 4.784798274864692
        },
        "MAPE": {
            "value": 16.836339604962486,
            "std": 0.34868065149221816
        },
        "Pearson": {
            "value": 0.1537779729675566,
            "std": 0.020496760323227767
        },
        "SNR": {
            "value": -11.164687078460952,
            "std": 0.2563310510524995
        },
        "MACC": {
            "value": 0.5151106270865833,
            "std": 0.0037437069629980457
        }
    }
}