{
    "model_name": "RhythmFormer",
    "seed": 42,
    "train_dataset": "DLCN",
    "val_dataset": "DLCN",
    "val_len": 300,
    "augment": "TH",
    "val_num_samples": 10,
    "fold_metrics": [
        {
            "fold": 1,
            "metrics": {
                "MAE": {
                    "value": 4.13141314131413,
                    "std": 0.9880368837318543
                },
                "RMSE": {
                    "value": 8.69721723087887,
                    "std": 4.940441952408183
                },
                "MAPE": {
                    "value": 4.801712487855243,
                    "std": 1.136952533424438
                },
                "Pearson": {
                    "value": 0.7267069250293883,
                    "std": 0.09020064273743889
                },
                "SNR": {
                    "value": 3.6680867761296065,
                    "std": 1.6357427591523779
                },
                "MACC": {
                    "value": 0.7665499669663927,
                    "std": 0.02491924719857679
                }
            }
        },
        {
            "fold": 2,
            "metrics": {
                "MAE": {
                    "value": 3.7443744374437444,
                    "std": 0.8564456156017762
                },
                "RMSE": {
                    "value": 7.617761185334738,
                    "std": 4.41919692328266
                },
                "MAPE": {
                    "value": 4.471024194552684,
                    "std": 1.0090335284362955
                },
                "Pearson": {
                    "value": 0.8270489493876284,
                    "std": 0.07381127323916417
                },
                "SNR": {
                    "value": 5.828690028266464,
                    "std": 1.423800960588806
                },
                "MACC": {
                    "value": 0.7881177802111811,
                    "std": 0.024056483385858106
                }
            }
        },
        {
            "fold": 3,
            "metrics": {
                "MAE": {
                    "value": 4.995499549954995,
                    "std": 1.2504854965805448
                },
                "RMSE": {
                    "value": 10.89852533066277,
                    "std": 6.7163134529307875
                },
                "MAPE": {
                    "value": 5.7839502189943985,
                    "std": 1.4075670571469328
                },
                "Pearson": {
                    "value": 0.5186799348162985,
                    "std": 0.11226286311514445
                },
                "SNR": {
                    "value": 5.653856363943993,
                    "std": 1.6584910527210412
                },
                "MACC": {
                    "value": 0.7881621558056019,
                    "std": 0.02693234868679513
                }
            }
        },
        {
            "fold": 4,
            "metrics": {
                "MAE": {
                    "value": 2.8712871287128707,
                    "std": 0.8461316863270949
                },
                "RMSE": {
                    "value": 7.1554608245672195,
                    "std": 4.79415292142118
                },
                "MAPE": {
                    "value": 3.1885288999531545,
                    "std": 0.9069772737134089
                },
                "Pearson": {
                    "value": 0.7859240850690119,
                    "std": 0.0811897875041747
                },
                "SNR": {
                    "value": 6.639123378467133,
                    "std": 1.5695770014451436
                },
                "MACC": {
                    "value": 0.7936168922125226,
                    "std": 0.02637651559818082
                }
            }
        }
    ]
}